id,verse_id,recording_id,start,end
0,40001001,JH,3.715,10.840
1,40001002,JH,10.840,24.000
2,40001003,JH,24.000,37.387
3,40001004,JH,37.387,49.905
4,40001005,JH,49.905,64.020
5,40001006,JH,64.020,75.830
6,40001007,JH,75.830,87.860
7,40001008,JH,87.860,99.640
8,40001009,JH,99.640,112.270
9,40001010,JH,112.270,124.420
10,40001011,JH,124.420,135.453
11,40001012,JH,135.453,147.840
12,40001013,JH,147.840,159.377
13,40001014,JH,159.377,170.990
14,40001015,JH,170.990,182.270
15,40001016,JH,182.270,195.370
16,40001017,JH,195.370,218.941
17,40001018,JH,218.941,241.050
18,40001019,JH,241.050,254.310
19,40001020,JH,254.310,278.760
20,40001021,JH,278.760,292.980
21,40001022,JH,292.980,302.033
22,40001023,JH,302.033,318.530
23,40001024,JH,318.530,330.540
24,40001025,JH,330.540,339.869
0,40002001,JH,3.935,18.000
1,40002002,JH,18.000,32.990
2,40002003,JH,32.990,41.110
3,40002004,JH,41.110,53.090
4,40002005,JH,53.090,61.510
5,40002006,JH,61.510,80.060
6,40002007,JH,80.060,90.203
7,40002008,JH,90.203,108.240
8,40002009,JH,108.240,124.580
9,40002010,JH,124.580,130.440
10,40002011,JH,130.440,153.560
11,40002012,JH,153.560,164.449
12,40002013,JH,164.449,190.030
13,40002014,JH,190.030,200.670
14,40002015,JH,200.670,215.790
15,40002016,JH,215.790,241.250
16,40002017,JH,241.250,247.960
17,40002018,JH,247.960,265.490
18,40002019,JH,265.490,274.340
19,40002020,JH,274.340,289.780
20,40002021,JH,289.780,298.010
21,40002022,JH,298.010,315.820
22,40002023,JH,315.820,330.352
0,40003001,JH,3.856,13.390
1,40003002,JH,13.390,21.310
2,40003003,JH,21.310,39.700
3,40003004,JH,39.700,56.990
4,40003005,JH,56.990,66.390
5,40003006,JH,66.390,76.110
6,40003007,JH,76.110,95.270
7,40003008,JH,95.270,100.570
8,40003009,JH,100.570,116.200
9,40003010,JH,116.200,130.173
10,40003011,JH,130.173,152.650
11,40003012,JH,152.650,170.350
12,40003013,JH,170.350,182.490
13,40003014,JH,182.490,193.390
14,40003015,JH,193.390,208.340
15,40003016,JH,208.340,227.620
16,40003017,JH,227.620,238.282
0,40004001,JH,3.660,13.750
1,40004002,JH,13.750,21.832
2,40004003,JH,21.832,35.410
3,40004004,JH,35.410,50.130
4,40004005,JH,50.130,61.502
5,40004006,JH,61.502,85.440
6,40004007,JH,85.440,93.350
7,40004008,JH,93.350,108.330
8,40004009,JH,108.330,119.520
9,40004010,JH,119.520,133.150
10,40004011,JH,133.150,142.430
11,40004012,JH,142.430,149.590
12,40004013,JH,149.590,161.618
13,40004014,JH,161.618,167.550
14,40004015,JH,167.550,178.020
15,40004016,JH,178.020,192.430
16,40004017,JH,192.430,203.810
17,40004018,JH,203.810,223.501
18,40004019,JH,223.501,231.680
19,40004020,JH,231.680,237.390
20,40004021,JH,237.390,255.250
21,40004022,JH,255.250,263.070
22,40004023,JH,263.070,280.820
23,40004024,JH,280.820,302.810
24,40004025,JH,302.810,315.162
0,40005001,JH,3.530,14.400
1,40005002,JH,14.400,20.530
2,40005003,JH,20.530,29.830
3,40005004,JH,29.845,36.310
4,40005005,JH,36.310,43.130
5,40005006,JH,43.130,52.430
6,40005007,JH,52.430,58.770
7,40005008,JH,58.770,66.610
8,40005009,JH,66.610,74.530
9,40005010,JH,74.530,84.540
10,40005011,JH,84.540,97.280
11,40005012,JH,97.280,112.380
12,40005013,JH,112.380,131.281
13,40005014,JH,131.281,140.500
14,40005015,JH,140.500,152.740
15,40005016,JH,152.740,168.910
16,40005017,JH,168.910,180.450
17,40005018,JH,180.450,197.930
18,40005019,JH,197.930,224.090
19,40005020,JH,224.090,240.800
20,40005021,JH,240.800,252.270
21,40005022,JH,252.270,278.530
22,40005023,JH,278.530,290.730
23,40005024,JH,290.730,305.400
24,40005025,JH,305.400,325.500
25,40005026,JH,325.500,335.050
26,40005027,JH,335.050,340.400
27,40005028,JH,340.400,355.670
28,40005029,JH,355.670,376.050
29,40005030,JH,376.050,395.220
30,40005031,JH,395.220,403.970
31,40005032,JH,403.970,423.270
32,40005033,JH,423.270,434.610
33,40005034,JH,434.610,444.130
34,40005035,JH,444.130,456.360
35,40005036,JH,456.360,465.890
36,40005037,JH,465.890,475.890
37,40005038,JH,475.890,483.780
38,40005039,JH,483.780,498.210
39,40005040,JH,498.210,507.170
40,40005041,JH,507.170,513.910
41,40005042,JH,513.910,522.870
42,40005043,JH,522.870,531.880
43,40005044,JH,531.880,542.450
44,40005045,JH,542.450,559.170
45,40005046,JH,559.170,570.760
46,40005047,JH,570.760,582.740
47,40005048,JH,582.740,591.167
0,40006001,JH,4.346,22.720
1,40006002,JH,22.720,45.590
2,40006003,JH,45.590,54.447
3,40006004,JH,54.447,65.980
4,40006005,JH,65.980,89.020
5,40006006,JH,89.020,108.470
6,40006007,JH,108.470,121.490
7,40006008,JH,121.490,133.430
8,40006009,JH,133.430,144.400
9,40006010,JH,144.400,154.570
10,40006011,JH,154.570,160.220
11,40006012,JH,160.220,168.953
12,40006013,JH,168.953,177.430
13,40006014,JH,177.430,187.290
14,40006015,JH,187.290,199.160
15,40006016,JH,199.160,219.490
16,40006017,JH,219.490,227.260
17,40006018,JH,227.260,242.040
18,40006019,JH,242.040,255.974
19,40006020,JH,255.974,270.650
20,40006021,JH,270.650,278.980
21,40006022,JH,278.980,292.680
22,40006023,JH,292.680,308.560
23,40006024,JH,308.560,329.758
24,40006025,JH,329.758,350.860
25,40006026,JH,350.860,371.460
26,40006027,JH,371.460,380.450
27,40006028,JH,380.450,393.030
28,40006029,JH,393.030,403.060
29,40006030,JH,403.060,418.160
30,40006031,JH,418.160,426.830
31,40006032,JH,426.830,438.940
32,40006033,JH,438.940,449.140
33,40006034,JH,449.140,461.536
0,40007001,JH,4.008,8.190
1,40007002,JH,8.190,18.670
2,40007003,JH,18.670,30.370
3,40007004,JH,30.370,41.590
4,40007005,JH,41.590,54.820
5,40007006,JH,54.820,74.280
6,40007007,JH,74.280,84.710
7,40007008,JH,84.710,93.676
8,40007009,JH,93.676,104.360
9,40007010,JH,104.360,110.040
10,40007011,JH,110.040,128.450
11,40007012,JH,128.450,144.770
12,40007013,JH,144.770,162.250
13,40007014,JH,162.250,175.510
14,40007015,JH,175.510,190.630
15,40007016,JH,190.630,204.710
16,40007017,JH,204.710,215.160
17,40007018,JH,215.160,225.150
18,40007019,JH,225.150,232.810
19,40007020,JH,232.810,239.800
20,40007021,JH,239.800,254.810
21,40007022,JH,254.810,272.620
22,40007023,JH,272.620,284.330
23,40007024,JH,284.330,299.658
24,40007025,JH,299.658,317.340
25,40007026,JH,317.340,333.130
26,40007027,JH,333.130,350.420
27,40007028,JH,350.420,360.887
28,40007029,JH,360.887,368.703
0,40008001,JH,3.753,11.130
1,40008002,JH,11.130,21.522
2,40008003,JH,21.522,34.110
3,40008004,JH,34.110,52.516
4,40008005,JH,52.516,59.770
5,40008006,JH,59.770,70.020
6,40008007,JH,70.020,75.180
7,40008008,JH,75.180,90.420
8,40008009,JH,90.420,108.880
9,40008010,JH,108.881,122.338
10,40008011,JH,122.338,138.660
11,40008012,JH,138.660,152.410
12,40008013,JH,152.410,165.239
13,40008014,JH,165.239,175.280
14,40008015,JH,175.280,186.810
15,40008016,JH,186.810,201.620
16,40008017,JH,201.620,216.590
17,40008018,JH,216.590,223.730
18,40008019,JH,223.730,232.890
19,40008020,JH,232.890,249.585
20,40008021,JH,249.585,258.890
21,40008022,JH,258.890,269.200
22,40008023,JH,269.200,275.346
23,40008024,JH,275.346,288.740
24,40008025,JH,288.740,295.918
25,40008026,JH,295.918,310.680
26,40008027,JH,310.680,323.210
27,40008028,JH,323.210,342.500
28,40008029,JH,342.500,353.886
29,40008030,JH,353.886,359.890
30,40008031,JH,359.890,371.310
31,40008032,JH,371.310,390.449
32,40008033,JH,390.449,399.640
33,40008034,JH,399.640,411.899
0,40009001,JH,3.987,11.210
1,40009002,JH,11.210,31.440
2,40009003,JH,31.440,40.010
3,40009004,JH,40.010,51.350
4,40009005,JH,51.350,63.134
5,40009006,JH,63.134,84.110
6,40009007,JH,84.110,89.069
7,40009008,JH,89.069,101.560
8,40009009,JH,101.560,121.240
9,40009010,JH,121.240,136.490
10,40009011,JH,136.490,149.981
11,40009012,JH,149.981,161.030
12,40009013,JH,161.030,176.214
13,40009014,JH,176.214,192.180
14,40009015,JH,192.180,215.214
15,40009016,JH,215.214,232.150
16,40009017,JH,232.150,257.280
17,40009018,JH,257.280,279.574
18,40009019,JH,279.574,286.130
19,40009020,JH,286.130,298.990
20,40009021,JH,298.990,308.370
21,40009022,JH,308.370,326.490
22,40009023,JH,326.490,337.100
23,40009024,JH,337.100,347.430
24,40009025,JH,347.430,358.880
25,40009026,JH,358.880,365.490
26,40009027,JH,365.490,378.490
27,40009028,JH,378.490,396.070
28,40009029,JH,396.070,406.850
29,40009030,JH,406.850,420.160
30,40009031,JH,420.160,428.400
31,40009032,JH,428.400,437.250
32,40009033,JH,437.250,452.230
33,40009034,JH,452.230,460.740
34,40009035,JH,460.740,479.730
35,40009036,JH,479.730,494.450
36,40009037,JH,494.450,504.880
37,40009038,JH,504.880,514.852
0,40010001,JH,3.958,23.460
1,40010002,JH,23.460,42.880
2,40010003,JH,42.880,54.916
3,40010004,JH,54.916,64.270
4,40010005,JH,64.270,81.666
5,40010006,JH,81.666,89.970
6,40010007,JH,89.970,99.220
7,40010008,JH,99.220,114.140
8,40010009,JH,114.144,122.224
9,40010010,JH,122.224,137.740
10,40010011,JH,137.740,152.100
11,40010012,JH,152.100,157.870
12,40010013,JH,157.870,174.020
13,40010014,JH,174.020,192.390
14,40010015,JH,192.389,205.576
15,40010016,JH,205.576,221.690
16,40010017,JH,221.690,235.500
17,40010018,JH,235.500,247.870
18,40010019,JH,247.870,262.700
19,40010020,JH,262.700,273.360
20,40010021,JH,273.360,289.195
21,40010022,JH,289.195,302.440
22,40010023,JH,302.440,321.700
23,40010024,JH,321.700,330.500
24,40010025,JH,330.500,350.890
25,40010026,JH,350.890,365.177
26,40010027,JH,365.177,379.200
27,40010028,JH,379.200,400.020
28,40010029,JH,400.020,413.560
29,40010030,JH,413.560,421.130
30,40010031,JH,421.130,427.430
31,40010032,JH,427.430,441.709
32,40010033,JH,441.709,453.840
33,40010034,JH,453.840,466.338
34,40010035,JH,466.338,480.730
35,40010036,JH,480.730,486.189
36,40010037,JH,486.189,502.280
37,40010038,JH,502.280,512.830
38,40010039,JH,512.830,527.200
39,40010040,JH,527.200,537.600
40,40010041,JH,537.600,553.010
41,40010042,JH,553.010,570.502
0,40011001,JH,3.791,18.950
1,40011002,JH,18.950,29.092
2,40011003,JH,29.092,37.960
3,40011004,JH,37.960,48.200
4,40011005,JH,48.200,65.630
5,40011006,JH,65.630,72.265
6,40011007,JH,72.265,88.550
7,40011008,JH,88.550,103.130
8,40011009,JH,103.130,113.330
9,40011010,JH,113.330,128.150
10,40011011,JH,128.150,146.310
11,40011012,JH,146.310,159.590
12,40011013,JH,159.590,167.150
13,40011014,JH,167.150,174.510
14,40011015,JH,174.510,178.800
15,40011016,JH,178.800,192.240
16,40011017,JH,192.240,202.490
17,40011018,JH,202.490,211.600
18,40011019,JH,211.600,232.790
19,40011020,JH,232.790,244.360
20,40011021,JH,244.360,262.120
21,40011022,JH,262.120,271.184
22,40011023,JH,271.184,290.980
23,40011024,JH,290.980,301.530
24,40011025,JH,301.530,322.990
25,40011026,JH,322.990,330.350
26,40011027,JH,330.350,353.591
27,40011028,JH,353.591,363.510
28,40011029,JH,363.510,379.050
29,40011030,JH,379.050,385.992
0,40012001,JH,4.476,21.030
1,40012002,JH,21.030,32.780
2,40012003,JH,32.780,43.410
3,40012004,JH,43.410,60.500
4,40012005,JH,60.500,73.540
5,40012006,JH,73.540,80.290
6,40012007,JH,80.290,92.160
7,40012008,JH,92.160,98.430
8,40012009,JH,98.430,104.250
9,40012010,JH,104.250,120.840
10,40012011,JH,120.840,139.850
11,40012012,JH,139.850,150.260
12,40012013,JH,150.260,162.240
13,40012014,JH,162.240,172.330
14,40012015,JH,172.330,183.500
15,40012016,JH,183.500,189.680
16,40012017,JH,189.680,196.670
17,40012018,JH,196.670,213.401
18,40012019,JH,213.401,222.490
19,40012020,JH,222.490,236.500
20,40012021,JH,236.500,242.577
21,40012022,JH,242.577,257.070
22,40012023,JH,257.070,266.670
23,40012024,JH,266.670,279.690
24,40012025,JH,279.690,299.190
25,40012026,JH,299.190,311.430
26,40012027,JH,311.430,327.340
27,40012028,JH,327.340,338.330
28,40012029,JH,338.330,358.380
29,40012030,JH,358.380,367.880
30,40012031,JH,367.880,383.110
31,40012032,JH,383.110,405.390
32,40012033,JH,405.390,424.620
33,40012034,JH,424.620,439.200
34,40012035,JH,439.200,454.530
35,40012036,JH,454.530,469.460
36,40012037,JH,469.460,478.390
37,40012038,JH,478.390,489.660
38,40012039,JH,489.660,507.270
39,40012040,JH,507.270,526.880
40,40012041,JH,526.880,545.970
41,40012042,JH,545.970,568.550
42,40012043,JH,568.550,583.100
43,40012044,JH,583.100,596.620
44,40012045,JH,596.620,623.400
45,40012046,JH,623.400,636.160
46,40012047,JH,636.160,646.600
47,40012048,JH,646.600,656.390
48,40012049,JH,656.390,666.640
49,40012050,JH,666.640,679.300
0,40013001,JH,4.548,13.350
1,40013002,JH,13.350,27.050
2,40013003,JH,27.050,37.910
3,40013004,JH,37.910,48.462
4,40013005,JH,48.462,61.400
5,40013006,JH,61.400,71.500
6,40013007,JH,71.500,81.550
7,40013008,JH,81.550,93.720
8,40013009,JH,93.720,97.520
9,40013010,JH,97.520,106.210
10,40013011,JH,106.210,119.540
11,40013012,JH,119.540,132.440
12,40013013,JH,132.440,145.450
13,40013014,JH,145.450,160.760
14,40013015,JH,160.760,187.550
15,40013016,JH,187.550,197.780
16,40013017,JH,197.780,214.010
17,40013018,JH,214.010,219.620
18,40013019,JH,219.620,239.200
19,40013020,JH,239.200,250.400
20,40013021,JH,250.400,266.210
21,40013022,JH,266.210,285.150
22,40013023,JH,285.150,304.820
23,40013024,JH,304.820,320.290
24,40013025,JH,320.290,332.980
25,40013026,JH,332.980,342.660
26,40013027,JH,342.660,357.870
27,40013028,JH,357.870,370.260
28,40013029,JH,370.260,381.120
29,40013030,JH,381.120,406.420
30,40013031,JH,406.420,422.250
31,40013032,JH,422.250,443.270
32,40013033,JH,443.270,462.806
33,40013034,JH,462.806,474.070
34,40013035,JH,474.070,489.360
35,40013036,JH,489.360,506.489
36,40013037,JH,506.489,515.890
37,40013038,JH,515.890,532.010
38,40013039,JH,532.010,547.250
39,40013040,JH,547.250,557.680
40,40013041,JH,557.680,571.029
41,40013042,JH,571.029,582.960
42,40013043,JH,582.960,595.263
43,40013044,JH,595.263,617.950
44,40013045,JH,617.950,627.860
45,40013046,JH,627.860,639.330
46,40013047,JH,639.330,651.734
47,40013048,JH,651.734,667.270
48,40013049,JH,667.270,679.900
49,40013050,JH,679.900,691.359
50,40013051,JH,691.359,697.420
51,40013052,JH,697.420,718.140
52,40013053,JH,718.140,726.390
53,40013054,JH,726.390,742.620
54,40013055,JH,742.620,756.030
55,40013056,JH,756.030,765.290
56,40013057,JH,765.290,780.190
57,40013058,JH,780.190,787.939
0,40014001,JH,4.386,12.340
1,40014002,JH,12.340,27.761
2,40014003,JH,27.761,42.550
3,40014004,JH,42.550,49.830
4,40014005,JH,49.830,59.090
5,40014006,JH,59.090,71.220
6,40014007,JH,71.220,79.120
7,40014008,JH,79.120,92.830
8,40014009,JH,92.830,103.293
9,40014010,JH,103.293,109.180
10,40014011,JH,109.180,119.843
11,40014012,JH,119.843,132.430
12,40014013,JH,132.430,149.130
13,40014014,JH,149.130,159.970
14,40014015,JH,159.970,179.900
15,40014016,JH,179.900,189.470
16,40014017,JH,189.470,199.370
17,40014018,JH,199.370,202.970
18,40014019,JH,202.970,227.119
19,40014020,JH,227.119,238.290
20,40014021,JH,238.290,248.490
21,40014022,JH,248.490,260.900
22,40014023,JH,260.900,271.570
23,40014024,JH,271.570,282.220
24,40014025,JH,282.220,292.290
25,40014026,JH,292.290,306.730
26,40014027,JH,306.730,314.920
27,40014028,JH,314.920,326.973
28,40014029,JH,326.973,340.310
29,40014030,JH,340.310,351.600
30,40014031,JH,351.600,362.960
31,40014032,JH,362.960,368.620
32,40014033,JH,368.620,377.830
33,40014034,JH,377.830,383.710
34,40014035,JH,383.710,397.540
35,40014036,JH,397.540,409.728
0,40015001,JH,4.671,13.490
1,40015002,JH,13.490,27.244
2,40015003,JH,27.244,40.690
3,40015004,JH,40.690,55.300
4,40015005,JH,55.300,66.450
5,40015006,JH,66.450,77.240
6,40015007,JH,77.240,84.820
7,40015008,JH,84.820,94.830
8,40015009,JH,94.830,104.560
9,40015010,JH,104.560,111.493
10,40015011,JH,111.493,126.220
11,40015012,JH,126.220,137.018
12,40015013,JH,137.018,148.090
13,40015014,JH,148.090,161.120
14,40015015,JH,161.120,167.730
15,40015016,JH,167.730,173.300
16,40015017,JH,173.300,185.830
17,40015018,JH,185.830,197.830
18,40015019,JH,197.830,212.060
19,40015020,JH,212.060,223.750
20,40015021,JH,223.750,231.950
21,40015022,JH,231.950,248.850
22,40015023,JH,248.850,264.140
23,40015024,JH,264.140,274.700
24,40015025,JH,274.700,282.400
25,40015026,JH,282.400,293.490
26,40015027,JH,293.490,305.140
27,40015028,JH,305.140,323.264
28,40015029,JH,323.264,334.860
29,40015030,JH,334.860,354.330
30,40015031,JH,354.330,373.730
31,40015032,JH,373.730,398.601
32,40015033,JH,398.601,410.830
33,40015034,JH,410.830,422.396
34,40015035,JH,422.396,426.832
35,40015036,JH,426.832,439.877
36,40015037,JH,439.877,449.990
37,40015038,JH,449.990,458.412
38,40015039,JH,458.412,466.719
0,40016001,JH,3.877,16.810
1,40016002,JH,16.810,20.360
2,40016003,JH,20.328,20.328
3,40016004,JH,20.328,38.050
4,40016005,JH,38.050,45.130
5,40016006,JH,45.130,55.220
6,40016007,JH,55.220,63.450
7,40016008,JH,63.450,73.790
8,40016009,JH,73.790,84.610
9,40016010,JH,84.610,93.460
10,40016011,JH,93.460,106.717
11,40016012,JH,106.717,121.630
12,40016013,JH,121.630,137.429
13,40016014,JH,137.429,149.600
14,40016015,JH,149.600,156.130
15,40016016,JH,156.130,166.800
16,40016017,JH,166.800,182.810
17,40016018,JH,182.810,201.500
18,40016019,JH,201.500,224.970
19,40016020,JH,224.970,236.150
20,40016021,JH,236.150,261.158
21,40016022,JH,261.158,273.970
22,40016023,JH,273.970,288.550
23,40016024,JH,288.550,306.180
24,40016025,JH,306.180,321.220
25,40016026,JH,321.220,339.650
26,40016027,JH,339.650,357.180
27,40016028,JH,357.180,376.679
0,40017001,JH,4.500,20.610
1,40017002,JH,20.610,36.670
2,40017003,JH,36.670,45.620
3,40017004,JH,45.620,64.140
4,40017005,JH,64.140,86.010
5,40017006,JH,86.010,95.300
6,40017007,JH,95.300,104.890
7,40017008,JH,104.890,113.900
8,40017009,JH,113.900,131.020
9,40017010,JH,131.020,143.590
10,40017011,JH,143.590,151.840
11,40017012,JH,151.840,173.210
12,40017013,JH,173.210,180.890
13,40017014,JH,180.890,187.730
14,40017015,JH,187.730,202.395
15,40017016,JH,202.395,211.090
16,40017017,JH,211.090,228.570
17,40017018,JH,228.570,240.890
18,40017019,JH,240.890,252.730
19,40017020,JH,252.730,278.372
20,40017021,JH,278.372,278.460
21,40017022,JH,278.460,292.040
22,40017023,JH,292.040,304.000
23,40017024,JH,304.000,318.680
24,40017025,JH,318.680,345.250
25,40017026,JH,345.250,360.430
26,40017027,JH,360.430,382.877
0,40018001,JH,5.001,17.600
1,40018002,JH,17.600,23.973
2,40018003,JH,23.973,39.330
3,40018004,JH,39.330,51.370
4,40018005,JH,51.370,61.955
5,40018006,JH,61.955,84.220
6,40018007,JH,84.220,101.040
7,40018008,JH,101.040,127.138
8,40018009,JH,127.138,148.730
9,40018010,JH,148.730,168.730
10,40018011,JH,168.730,169.125
11,40018012,JH,169.125,189.650
12,40018013,JH,189.650,205.840
13,40018014,JH,205.840,217.260
14,40018015,JH,217.260,233.080
15,40018016,JH,233.080,249.100
16,40018017,JH,249.100,265.930
17,40018018,JH,265.930,284.510
18,40018019,JH,284.510,305.340
19,40018020,JH,305.340,316.410
20,40018021,JH,316.410,331.550
21,40018022,JH,331.550,342.100
22,40018023,JH,342.100,355.370
23,40018024,JH,355.370,365.190
24,40018025,JH,365.190,381.290
25,40018026,JH,381.290,391.940
26,40018027,JH,391.940,402.720
27,40018028,JH,402.720,421.030
28,40018029,JH,421.030,430.460
29,40018030,JH,430.460,442.030
30,40018031,JH,442.030,456.530
31,40018032,JH,456.530,473.110
32,40018033,JH,473.110,482.280
33,40018034,JH,482.280,495.200
34,40018035,JH,495.200,509.520
0,40019001,JH,4.826,19.660
1,40019002,JH,19.660,27.450
2,40019003,JH,27.450,42.290
3,40019004,JH,42.290,55.310
4,40019005,JH,55.310,71.630
5,40019006,JH,71.630,85.780
6,40019007,JH,85.780,96.370
7,40019008,JH,96.377,112.589
8,40019009,JH,112.589,133.620
9,40019010,JH,133.620,146.256
10,40019011,JH,146.256,155.430
11,40019012,JH,155.430,184.890
12,40019013,JH,184.890,199.350
13,40019014,JH,199.350,214.520
14,40019015,JH,214.520,220.450
15,40019016,JH,220.450,232.540
16,40019017,JH,232.540,249.160
17,40019018,JH,249.160,261.739
18,40019019,JH,261.739,270.490
19,40019020,JH,270.490,279.290
20,40019021,JH,279.281,300.169
21,40019022,JH,300.169,310.740
22,40019023,JH,310.740,325.141
23,40019024,JH,325.141,340.450
24,40019025,JH,340.450,351.250
25,40019026,JH,351.250,366.170
26,40019027,JH,366.170,380.490
27,40019028,JH,380.490,409.600
28,40019029,JH,409.600,435.251
29,40019030,JH,435.251,443.170
0,40020001,JH,3.913,20.950
1,40020002,JH,20.950,32.480
2,40020003,JH,32.480,41.820
3,40020004,JH,41.820,53.140
4,40020005,JH,53.140,63.960
5,40020006,JH,63.960,78.060
6,40020007,JH,78.060,89.960
7,40020008,JH,89.960,108.560
8,40020009,JH,108.560,116.130
9,40020010,JH,116.130,126.626
10,40020011,JH,126.626,130.980
11,40020012,JH,130.980,146.810
12,40020013,JH,146.810,157.990
13,40020014,JH,157.990,166.730
14,40020015,JH,166.730,180.670
15,40020016,JH,180.670,189.040
16,40020017,JH,189.040,200.610
17,40020018,JH,200.610,215.743
18,40020019,JH,215.743,230.000
19,40020020,JH,230.000,242.710
20,40020021,JH,242.710,260.860
21,40020022,JH,260.860,277.300
22,40020023,JH,277.300,295.920
23,40020024,JH,295.920,303.168
24,40020025,JH,303.168,320.540
25,40020026,JH,320.540,332.840
26,40020027,JH,332.840,340.770
27,40020028,JH,340.770,357.360
28,40020029,JH,357.360,365.980
29,40020030,JH,365.980,381.700
30,40020031,JH,381.700,395.920
31,40020032,JH,395.920,405.370
32,40020033,JH,405.370,412.060
33,40020034,JH,412.060,424.055
0,40021001,JH,4.437,17.570
1,40021002,JH,17.570,33.882
2,40021003,JH,33.882,45.210
3,40021004,JH,45.210,53.180
4,40021005,JH,53.180,67.847
5,40021006,JH,67.847,75.620
6,40021007,JH,75.620,86.740
7,40021008,JH,86.740,101.510
8,40021009,JH,101.510,122.540
9,40021010,JH,122.540,133.270
10,40021011,JH,133.270,143.830
11,40021012,JH,143.830,164.160
12,40021013,JH,164.160,178.799
13,40021014,JH,178.799,188.190
14,40021015,JH,188.190,206.240
15,40021016,JH,206.240,225.030
16,40021017,JH,225.030,234.890
17,40021018,JH,234.890,240.460
18,40021019,JH,240.460,261.890
19,40021020,JH,261.890,271.470
20,40021021,JH,271.470,296.340
21,40021022,JH,296.340,304.880
22,40021023,JH,304.880,324.860
23,40021024,JH,324.860,340.340
24,40021025,JH,340.340,360.090
25,40021026,JH,360.090,371.350
26,40021027,JH,371.350,385.680
27,40021028,JH,385.680,401.320
28,40021029,JH,401.320,409.690
29,40021030,JH,409.690,422.070
30,40021031,JH,422.070,444.850
31,40021032,JH,444.850,467.650
32,40021033,JH,467.650,492.030
33,40021034,JH,492.030,503.380
34,40021035,JH,503.380,515.470
35,40021036,JH,515.470,525.370
36,40021037,JH,525.370,535.310
37,40021038,JH,535.310,552.320
38,40021039,JH,552.320,560.230
39,40021040,JH,560.230,570.100
40,40021041,JH,570.100,586.650
41,40021042,JH,586.650,612.570
42,40021043,JH,612.570,625.910
43,40021044,JH,625.910,638.330
44,40021045,JH,638.330,648.810
45,40021046,JH,648.810,658.452
0,40022001,JH,4.215,11.090
1,40022002,JH,11.090,21.870
2,40022003,JH,21.870,31.372
3,40022004,JH,31.372,49.410
4,40022005,JH,49.410,58.840
5,40022006,JH,58.840,66.780
6,40022007,JH,66.780,80.710
7,40022008,JH,80.710,91.590
8,40022009,JH,91.590,101.521
9,40022010,JH,101.521,116.520
10,40022011,JH,116.520,127.680
11,40022012,JH,127.680,138.370
12,40022013,JH,138.370,156.570
13,40022014,JH,156.570,163.800
14,40022015,JH,163.800,173.760
15,40022016,JH,173.760,198.060
16,40022017,JH,198.060,207.290
17,40022018,JH,207.290,216.190
18,40022019,JH,216.190,224.260
19,40022020,JH,224.260,231.580
20,40022021,JH,231.580,244.520
21,40022022,JH,244.520,250.750
22,40022023,JH,250.750,261.158
23,40022024,JH,261.158,279.570
24,40022025,JH,279.570,294.390
25,40022026,JH,294.390,300.300
26,40022027,JH,300.300,304.150
27,40022028,JH,304.150,312.810
28,40022029,JH,312.810,324.240
29,40022030,JH,324.240,335.240
30,40022031,JH,335.240,344.702
31,40022032,JH,344.702,359.550
32,40022033,JH,359.550,366.510
33,40022034,JH,366.510,375.389
34,40022035,JH,375.389,381.020
35,40022036,JH,381.020,386.172
36,40022037,JH,386.172,399.740
37,40022038,JH,399.740,404.310
38,40022039,JH,404.310,412.520
39,40022040,JH,412.520,421.650
40,40022041,JH,421.650,427.930
41,40022042,JH,427.930,439.800
42,40022043,JH,439.800,448.130
43,40022044,JH,448.130,460.050
44,40022045,JH,460.050,467.650
45,40022046,JH,467.650,480.326
0,40023001,JH,4.000,9.600
1,40023002,JH,9.600,19.120
2,40023003,JH,19.120,35.120
3,40023004,JH,35.125,51.848
4,40023005,JH,51.848,67.380
5,40023006,JH,67.380,77.570
6,40023007,JH,77.570,85.680
7,40023008,JH,85.680,99.290
8,40023009,JH,99.290,110.520
9,40023010,JH,110.520,120.750
10,40023011,JH,120.750,125.720
11,40023012,JH,125.720,136.960
12,40023013,JH,136.960,157.423
13,40023014,JH,157.423,157.876
14,40023015,JH,157.876,178.470
15,40023016,JH,178.470,194.100
16,40023017,JH,194.100,206.120
17,40023018,JH,206.120,219.750
18,40023019,JH,219.750,231.180
19,40023020,JH,231.180,240.510
20,40023021,JH,240.510,248.860
21,40023022,JH,248.860,260.940
22,40023023,JH,260.940,286.660
23,40023024,JH,286.660,296.100
24,40023025,JH,296.100,314.200
25,40023026,JH,314.200,328.900
26,40023027,JH,328.900,351.760
27,40023028,JH,351.760,366.250
28,40023029,JH,366.250,380.040
29,40023030,JH,380.040,393.690
30,40023031,JH,393.690,402.700
31,40023032,JH,402.700,408.930
32,40023033,JH,408.930,418.180
33,40023034,JH,418.180,442.170
34,40023035,JH,442.170,465.580
35,40023036,JH,465.580,474.150
36,40023037,JH,474.150,500.860
37,40023038,JH,500.860,506.580
38,40023039,JH,506.580,520.321
0,40024001,JH,4.241,16.930
1,40024002,JH,16.930,33.510
2,40024003,JH,33.510,53.730
3,40024004,JH,53.730,61.290
4,40024005,JH,61.290,72.870
5,40024006,JH,72.870,86.520
6,40024007,JH,86.520,98.340
7,40024008,JH,98.340,103.250
8,40024009,JH,103.250,118.410
9,40024010,JH,118.410,128.070
10,40024011,JH,128.070,135.320
11,40024012,JH,135.320,144.160
12,40024013,JH,144.160,149.920
13,40024014,JH,149.920,165.380
14,40024015,JH,165.380,180.790
15,40024016,JH,180.790,186.100
16,40024017,JH,186.100,193.080
17,40024018,JH,193.080,200.610
18,40024019,JH,200.610,209.390
19,40024020,JH,209.390,218.490
20,40024021,JH,218.490,230.540
21,40024022,JH,230.540,245.540
22,40024023,JH,245.540,255.130
23,40024024,JH,255.130,270.270
24,40024025,JH,270.270,273.500
25,40024026,JH,273.500,286.710
26,40024027,JH,286.710,299.790
27,40024028,JH,299.790,306.570
28,40024029,JH,306.570,330.320
29,40024030,JH,330.320,355.870
30,40024031,JH,355.870,375.430
31,40024032,JH,375.430,393.670
32,40024033,JH,393.670,404.430
33,40024034,JH,404.430,414.830
34,40024035,JH,414.830,424.560
35,40024036,JH,424.560,440.090
36,40024037,JH,440.090,448.400
37,40024038,JH,448.400,465.210
38,40024039,JH,465.210,478.660
39,40024040,JH,478.660,487.420
40,40024041,JH,487.420,495.730
41,40024042,JH,495.730,503.430
42,40024043,JH,503.430,521.450
43,40024044,JH,521.450,534.070
44,40024045,JH,534.070,548.450
45,40024046,JH,548.450,557.450
46,40024047,JH,557.450,565.550
47,40024048,JH,565.550,574.050
48,40024049,JH,574.050,583.060
49,40024050,JH,583.060,593.260
50,40024051,JH,593.260,607.806
0,40025001,JH,4.065,19.390
1,40025002,JH,19.390,25.620
2,40025003,JH,25.620,33.890
3,40025004,JH,33.890,42.130
4,40025005,JH,42.130,49.660
5,40025006,JH,49.660,58.480
6,40025007,JH,58.480,66.390
7,40025008,JH,66.390,78.630
8,40025009,JH,78.630,92.990
9,40025010,JH,92.990,107.280
10,40025011,JH,107.280,116.460
11,40025012,JH,116.460,123.410
12,40025013,JH,123.410,130.460
13,40025014,JH,130.460,141.790
14,40025015,JH,141.790,155.330
15,40025016,JH,155.330,165.250
16,40025017,JH,165.250,170.780
17,40025018,JH,170.780,180.750
18,40025019,JH,180.750,190.070
19,40025020,JH,190.070,207.020
20,40025021,JH,207.020,225.050
21,40025022,JH,225.050,237.740
22,40025023,JH,237.740,254.740
23,40025024,JH,254.740,273.250
24,40025025,JH,273.250,282.310
25,40025026,JH,282.310,297.950
26,40025027,JH,297.950,309.440
27,40025028,JH,309.440,316.600
28,40025029,JH,316.600,329.920
29,40025030,JH,329.920,342.700
30,40025031,JH,342.700,356.320
31,40025032,JH,356.320,372.320
32,40025033,JH,372.320,380.920
33,40025034,JH,380.920,398.622
34,40025035,JH,398.622,410.680
35,40025036,JH,410.680,422.220
36,40025037,JH,422.220,437.130
37,40025038,JH,437.130,444.997
38,40025039,JH,444.997,452.230
39,40025040,JH,452.230,469.130
40,40025041,JH,469.130,484.200
41,40025042,JH,484.200,492.280
42,40025043,JH,492.280,504.400
43,40025044,JH,504.400,521.790
44,40025045,JH,521.790,538.360
45,40025046,JH,538.360,547.360
0,40026001,JH,4.626,14.720
1,40026002,JH,14.720,26.731
2,40026003,JH,26.731,38.150
3,40026004,JH,38.150,46.280
4,40026005,JH,46.280,54.450
5,40026006,JH,54.450,61.312
6,40026007,JH,61.312,74.200
7,40026008,JH,74.200,82.490
8,40026009,JH,82.490,88.970
9,40026010,JH,88.970,100.070
10,40026011,JH,100.070,108.050
11,40026012,JH,108.050,117.120
12,40026013,JH,117.120,134.160
13,40026014,JH,134.160,142.577
14,40026015,JH,142.577,155.810
15,40026016,JH,155.810,161.994
16,40026017,JH,161.994,173.470
17,40026018,JH,173.470,190.560
18,40026019,JH,190.560,198.649
19,40026020,JH,198.649,203.820
20,40026021,JH,203.820,213.280
21,40026022,JH,213.280,222.880
22,40026023,JH,222.880,234.070
23,40026024,JH,234.070,253.880
24,40026025,JH,253.880,265.910
25,40026026,JH,265.910,283.370
26,40026027,JH,283.370,293.150
27,40026028,JH,293.150,304.224
28,40026029,JH,304.224,322.540
29,40026030,JH,322.540,328.640
30,40026031,JH,328.640,348.190
31,40026032,JH,348.190,355.410
32,40026033,JH,355.410,366.940
33,40026034,JH,366.940,378.540
34,40026035,JH,378.540,391.300
35,40026036,JH,391.300,407.890
36,40026037,JH,407.890,418.161
37,40026038,JH,418.161,430.680
38,40026039,JH,430.680,453.340
39,40026040,JH,453.340,468.040
40,40026041,JH,468.040,481.450
41,40026042,JH,481.450,498.420
42,40026043,JH,498.420,507.900
43,40026044,JH,507.900,517.250
44,40026045,JH,517.250,534.770
45,40026046,JH,534.770,540.500
46,40026047,JH,540.500,558.425
47,40026048,JH,558.425,570.420
48,40026049,JH,570.420,578.470
49,40026050,JH,578.470,591.830
50,40026051,JH,591.830,606.450
51,40026052,JH,606.450,620.210
52,40026053,JH,620.210,632.260
53,40026054,JH,632.260,639.470
54,40026055,JH,639.470,659.400
55,40026056,JH,659.400,672.940
56,40026057,JH,672.940,685.430
57,40026058,JH,685.430,701.570
58,40026059,JH,701.570,712.570
59,40026060,JH,712.570,721.860
60,40026061,JH,721.860,733.120
61,40026062,JH,733.120,743.040
62,40026063,JH,743.040,759.800
63,40026064,JH,759.800,778.810
64,40026065,JH,778.810,795.270
65,40026066,JH,795.270,803.160
66,40026067,JH,803.160,811.630
67,40026068,JH,811.630,818.430
68,40026069,JH,818.430,832.350
69,40026070,JH,832.350,840.080
70,40026071,JH,840.080,850.660
71,40026072,JH,850.660,857.550
72,40026073,JH,857.550,871.010
73,40026074,JH,871.010,883.510
74,40026075,JH,883.510,899.338
0,40027001,JH,4.132,17.020
1,40027002,JH,17.020,24.690
2,40027003,JH,24.690,39.750
3,40027004,JH,39.750,50.610
4,40027005,JH,50.610,59.761
5,40027006,JH,59.761,72.870
6,40027007,JH,72.870,84.260
7,40027008,JH,84.260,92.800
8,40027009,JH,92.800,111.620
9,40027010,JH,111.620,120.070
10,40027011,JH,120.070,138.160
11,40027012,JH,138.160,147.733
12,40027013,JH,147.733,155.170
13,40027014,JH,155.170,164.320
14,40027015,JH,164.320,173.780
15,40027016,JH,173.780,180.070
16,40027017,JH,180.070,193.260
17,40027018,JH,193.260,197.710
18,40027019,JH,197.710,216.660
19,40027020,JH,216.660,229.300
20,40027021,JH,229.300,241.480
21,40027022,JH,241.480,253.100
22,40027023,JH,253.100,265.020
23,40027024,JH,265.020,287.990
24,40027025,JH,287.990,298.000
25,40027026,JH,298.000,309.070
26,40027027,JH,309.070,321.310
27,40027028,JH,321.310,327.870
28,40027029,JH,327.870,349.650
29,40027030,JH,349.650,358.860
30,40027031,JH,358.860,374.030
31,40027032,JH,374.030,386.630
32,40027033,JH,386.630,394.550
33,40027034,JH,394.550,404.480
34,40027035,JH,404.480,412.760
35,40027036,JH,412.760,416.910
36,40027037,JH,416.910,431.060
37,40027038,JH,431.060,440.830
38,40027039,JH,440.830,448.070
39,40027040,JH,448.070,463.520
40,40027041,JH,463.520,471.150
41,40027042,JH,471.150,484.180
42,40027043,JH,484.180,494.230
43,40027044,JH,494.230,503.640
44,40027045,JH,503.640,514.070
45,40027046,JH,514.070,533.170
46,40027047,JH,533.170,541.630
47,40027048,JH,541.630,553.220
48,40027049,JH,553.220,561.160
49,40027050,JH,561.160,569.340
50,40027051,JH,569.340,583.600
51,40027052,JH,583.600,592.260
52,40027053,JH,592.260,607.980
53,40027054,JH,607.980,627.290
54,40027055,JH,627.290,640.800
55,40027056,JH,640.800,652.590
56,40027057,JH,652.590,665.450
57,40027058,JH,665.450,676.550
58,40027059,JH,676.550,683.750
59,40027060,JH,683.750,699.760
60,40027061,JH,699.760,709.070
61,40027062,JH,709.070,720.240
62,40027063,JH,720.240,732.030
63,40027064,JH,732.030,753.620
64,40027065,JH,753.620,762.200
65,40027066,JH,762.200,771.628
0,40028001,JH,4.391,18.510
1,40028002,JH,18.510,35.010
2,40028003,JH,35.010,45.200
3,40028004,JH,45.200,54.690
4,40028005,JH,54.690,68.510
5,40028006,JH,68.510,78.050
6,40028007,JH,78.050,96.800
7,40028008,JH,96.800,108.193
8,40028009,JH,108.193,122.150
9,40028010,JH,122.150,137.180
10,40028011,JH,137.180,150.065
11,40028012,JH,150.065,160.220
12,40028013,JH,160.220,170.850
13,40028014,JH,170.850,180.280
14,40028015,JH,180.280,194.080
15,40028016,JH,194.080,204.660
16,40028017,JH,204.660,211.350
17,40028018,JH,211.350,223.147
18,40028019,JH,223.147,236.960
19,40028020,JH,236.960,253.527
